date,country,cumulative_total_cases,daily_new_cases,active_cases,cumulative_total_deaths,daily_new_deaths
2020-2-15,Kenya,0.0,,0.0,0.0,
2020-2-16,Kenya,0.0,,0.0,0.0,
2020-2-17,Kenya,0.0,,0.0,0.0,
2020-2-18,Kenya,0.0,,0.0,0.0,
2020-2-19,Kenya,0.0,,0.0,0.0,
2020-2-20,Kenya,0.0,,0.0,0.0,
2020-2-21,Kenya,0.0,,0.0,0.0,
2020-2-22,Kenya,0.0,,0.0,0.0,
2020-2-23,Kenya,0.0,,0.0,0.0,
2020-2-24,Kenya,0.0,,0.0,0.0,
2020-2-25,Kenya,0.0,,0.0,0.0,
2020-2-26,Kenya,0.0,,0.0,0.0,
2020-2-27,Kenya,0.0,,0.0,0.0,
2020-2-28,Kenya,0.0,,0.0,0.0,
2020-2-29,Kenya,0.0,,0.0,0.0,
2020-3-01,Kenya,0.0,,0.0,0.0,
2020-3-02,Kenya,0.0,,0.0,0.0,
2020-3-03,Kenya,0.0,,0.0,0.0,
2020-3-04,Kenya,0.0,,0.0,0.0,
2020-3-05,Kenya,0.0,,0.0,0.0,
2020-3-06,Kenya,0.0,,0.0,0.0,
2020-3-07,Kenya,0.0,,0.0,0.0,
2020-3-08,Kenya,0.0,,0.0,0.0,
2020-3-09,Kenya,0.0,,0.0,0.0,
2020-3-10,Kenya,0.0,,0.0,0.0,
2020-3-11,Kenya,0.0,,0.0,0.0,
2020-3-12,Kenya,0.0,,0.0,0.0,
2020-3-13,Kenya,1.0,,1.0,0.0,
2020-3-14,Kenya,1.0,0.0,1.0,0.0,
2020-3-15,Kenya,3.0,2.0,3.0,0.0,
2020-3-16,Kenya,3.0,0.0,3.0,0.0,
2020-3-17,Kenya,4.0,1.0,4.0,0.0,
2020-3-18,Kenya,7.0,3.0,7.0,0.0,
2020-3-19,Kenya,7.0,0.0,7.0,0.0,
2020-3-20,Kenya,7.0,0.0,7.0,0.0,
2020-3-21,Kenya,7.0,0.0,7.0,0.0,
2020-3-22,Kenya,15.0,8.0,15.0,0.0,
2020-3-23,Kenya,16.0,1.0,16.0,0.0,
2020-3-24,Kenya,25.0,9.0,25.0,0.0,
2020-3-25,Kenya,28.0,3.0,27.0,0.0,
2020-3-26,Kenya,31.0,3.0,29.0,1.0,
2020-3-27,Kenya,31.0,0.0,29.0,1.0,0.0
2020-3-28,Kenya,38.0,7.0,36.0,1.0,0.0
2020-3-29,Kenya,42.0,4.0,40.0,1.0,0.0
2020-3-30,Kenya,50.0,8.0,48.0,1.0,0.0
2020-3-31,Kenya,59.0,9.0,57.0,1.0,0.0
2020-4-01,Kenya,81.0,22.0,76.0,1.0,0.0
2020-4-02,Kenya,110.0,29.0,102.0,3.0,2.0
2020-4-03,Kenya,122.0,12.0,113.0,4.0,1.0
2020-4-04,Kenya,126.0,4.0,117.0,4.0,0.0
2020-4-05,Kenya,142.0,16.0,133.0,4.0,0.0
2020-4-06,Kenya,158.0,16.0,147.0,6.0,2.0
2020-4-07,Kenya,172.0,14.0,157.0,6.0,0.0
2020-4-08,Kenya,179.0,7.0,161.0,6.0,0.0
2020-4-09,Kenya,184.0,5.0,161.0,7.0,1.0
2020-4-10,Kenya,189.0,5.0,153.0,7.0,0.0
2020-4-11,Kenya,191.0,2.0,152.0,7.0,0.0
2020-4-12,Kenya,197.0,6.0,156.0,8.0,1.0
2020-4-13,Kenya,208.0,11.0,146.0,9.0,1.0
2020-4-14,Kenya,216.0,8.0,153.0,9.0,0.0
2020-4-15,Kenya,225.0,9.0,145.0,10.0,1.0
2020-4-16,Kenya,234.0,9.0,153.0,11.0,1.0
2020-4-17,Kenya,246.0,12.0,165.0,11.0,0.0
2020-4-18,Kenya,262.0,16.0,171.0,12.0,1.0
2020-4-19,Kenya,270.0,8.0,168.0,14.0,2.0
2020-4-20,Kenya,281.0,11.0,176.0,14.0,0.0
2020-4-21,Kenya,296.0,15.0,184.0,14.0,0.0
2020-4-22,Kenya,303.0,7.0,191.0,14.0,0.0
2020-4-23,Kenya,320.0,17.0,188.0,14.0,0.0
2020-4-24,Kenya,336.0,16.0,197.0,14.0,0.0
2020-4-25,Kenya,343.0,7.0,199.0,14.0,0.0
2020-4-26,Kenya,355.0,12.0,200.0,14.0,0.0
2020-4-27,Kenya,363.0,8.0,197.0,14.0,0.0
2020-4-28,Kenya,374.0,11.0,195.0,14.0,0.0
2020-4-29,Kenya,384.0,10.0,197.0,15.0,1.0
2020-4-30,Kenya,396.0,12.0,187.0,17.0,2.0
2020-5-01,Kenya,411.0,15.0,190.0,21.0,4.0
2020-5-02,Kenya,435.0,24.0,210.0,22.0,1.0
2020-5-03,Kenya,465.0,30.0,218.0,24.0,2.0
2020-5-04,Kenya,490.0,25.0,235.0,24.0,0.0
2020-5-05,Kenya,535.0,45.0,268.0,24.0,0.0
2020-5-06,Kenya,582.0,47.0,302.0,26.0,2.0
2020-5-07,Kenya,607.0,25.0,315.0,29.0,3.0
2020-5-08,Kenya,621.0,14.0,322.0,29.0,0.0
2020-5-09,Kenya,649.0,28.0,342.0,30.0,1.0
2020-5-10,Kenya,672.0,23.0,320.0,32.0,2.0
2020-5-11,Kenya,700.0,28.0,331.0,33.0,1.0
2020-5-12,Kenya,715.0,15.0,332.0,36.0,3.0
2020-5-13,Kenya,737.0,22.0,320.0,40.0,4.0
2020-5-14,Kenya,758.0,21.0,335.0,42.0,2.0
2020-5-15,Kenya,781.0,23.0,355.0,45.0,3.0
2020-5-16,Kenya,830.0,49.0,376.0,50.0,5.0
2020-5-17,Kenya,887.0,57.0,417.0,50.0,0.0
2020-5-18,Kenya,912.0,25.0,411.0,50.0,0.0
2020-5-19,Kenya,963.0,51.0,432.0,50.0,0.0
2020-5-20,Kenya,1029.0,66.0,487.0,50.0,0.0
2020-5-21,Kenya,1109.0,80.0,555.0,50.0,0.0
2020-5-22,Kenya,1161.0,52.0,600.0,50.0,0.0
2020-5-23,Kenya,1192.0,31.0,631.0,50.0,0.0
2020-5-24,Kenya,1214.0,22.0,648.0,51.0,1.0
2020-5-25,Kenya,1286.0,72.0,693.0,52.0,1.0
2020-5-26,Kenya,1348.0,62.0,751.0,52.0,0.0
2020-5-27,Kenya,1471.0,123.0,867.0,55.0,3.0
2020-5-28,Kenya,1618.0,147.0,993.0,58.0,3.0
2020-5-29,Kenya,1745.0,127.0,1093.0,62.0,4.0
2020-5-30,Kenya,1888.0,143.0,1200.0,63.0,1.0
2020-5-31,Kenya,1962.0,74.0,1254.0,64.0,1.0
2020-6-01,Kenya,2021.0,59.0,1303.0,69.0,5.0
2020-6-02,Kenya,2093.0,72.0,1350.0,71.0,2.0
2020-6-03,Kenya,2216.0,123.0,1397.0,74.0,3.0
2020-6-04,Kenya,2340.0,124.0,1464.0,78.0,4.0
2020-6-05,Kenya,2474.0,134.0,1528.0,79.0,1.0
2020-6-06,Kenya,2600.0,126.0,1565.0,83.0,4.0
2020-6-07,Kenya,2767.0,167.0,1669.0,84.0,1.0
2020-6-08,Kenya,2862.0,95.0,1632.0,85.0,1.0
2020-6-09,Kenya,2989.0,127.0,1724.0,88.0,3.0
2020-6-10,Kenya,3094.0,105.0,1592.0,89.0,1.0
2020-6-11,Kenya,3215.0,121.0,1651.0,92.0,3.0
2020-6-12,Kenya,3305.0,90.0,1640.0,96.0,4.0
2020-6-13,Kenya,3457.0,152.0,1711.0,100.0,4.0
2020-6-14,Kenya,3594.0,137.0,1802.0,103.0,3.0
2020-6-15,Kenya,3727.0,133.0,1890.0,104.0,1.0
2020-6-16,Kenya,3860.0,133.0,1965.0,105.0,1.0
2020-6-17,Kenya,4044.0,184.0,2113.0,107.0,2.0
2020-6-18,Kenya,4257.0,213.0,2173.0,117.0,10.0
2020-6-19,Kenya,4374.0,117.0,2165.0,119.0,2.0
2020-6-20,Kenya,4478.0,104.0,2218.0,121.0,2.0
2020-6-21,Kenya,4738.0,260.0,2448.0,123.0,2.0
2020-6-22,Kenya,4797.0,59.0,2407.0,125.0,2.0
2020-6-23,Kenya,4952.0,155.0,2421.0,128.0,3.0
2020-6-24,Kenya,5206.0,254.0,2618.0,130.0,2.0
2020-6-25,Kenya,5384.0,178.0,2748.0,132.0,2.0
2020-6-26,Kenya,5533.0,149.0,2827.0,137.0,5.0
2020-6-27,Kenya,5811.0,278.0,3059.0,141.0,4.0
2020-6-28,Kenya,6070.0,259.0,3269.0,143.0,2.0
2020-6-29,Kenya,6190.0,120.0,3331.0,144.0,1.0
2020-6-30,Kenya,6366.0,176.0,3468.0,148.0,4.0
2020-7-01,Kenya,6673.0,307.0,3707.0,149.0,1.0
2020-7-02,Kenya,6941.0,268.0,3945.0,152.0,3.0
2020-7-03,Kenya,7188.0,247.0,4137.0,154.0,2.0
2020-7-04,Kenya,7577.0,389.0,4402.0,159.0,5.0
2020-7-05,Kenya,7886.0,309.0,4641.0,160.0,1.0
2020-7-06,Kenya,8067.0,181.0,4647.0,164.0,4.0
2020-7-07,Kenya,8250.0,183.0,4706.0,167.0,3.0
2020-7-08,Kenya,8528.0,278.0,4862.0,169.0,2.0
2020-7-09,Kenya,8975.0,447.0,5219.0,173.0,4.0
2020-7-10,Kenya,9448.0,473.0,5582.0,181.0,8.0
2020-7-11,Kenya,9726.0,278.0,5724.0,184.0,3.0
2020-7-12,Kenya,10105.0,379.0,6036.0,185.0,1.0
2020-7-13,Kenya,10294.0,189.0,6125.0,197.0,12.0
2020-7-14,Kenya,10791.0,497.0,6521.0,202.0,5.0
2020-7-15,Kenya,11252.0,461.0,6906.0,209.0,7.0
2020-7-16,Kenya,11673.0,421.0,6550.0,217.0,8.0
2020-7-17,Kenya,12062.0,389.0,6469.0,222.0,5.0
2020-7-18,Kenya,12750.0,688.0,6538.0,225.0,3.0
2020-7-19,Kenya,13353.0,603.0,6212.0,234.0,9.0
2020-7-20,Kenya,13771.0,418.0,5960.0,238.0,4.0
2020-7-21,Kenya,14168.0,397.0,5479.0,250.0,12.0
2020-7-22,Kenya,14805.0,637.0,5433.0,260.0,10.0
2020-7-23,Kenya,15601.0,796.0,5716.0,263.0,3.0
2020-7-24,Kenya,16268.0,667.0,5953.0,274.0,11.0
2020-7-25,Kenya,16643.0,375.0,6151.0,278.0,4.0
2020-7-26,Kenya,17603.0,960.0,6881.0,280.0,2.0
2020-7-27,Kenya,17975.0,372.0,7127.0,285.0,5.0
2020-7-28,Kenya,18581.0,606.0,7618.0,299.0,14.0
2020-7-29,Kenya,19125.0,544.0,7998.0,311.0,12.0
2020-7-30,Kenya,19913.0,788.0,8637.0,325.0,14.0
2020-7-31,Kenya,20636.0,723.0,9285.0,341.0,16.0
2020-8-01,Kenya,21363.0,727.0,9647.0,364.0,23.0
2020-8-02,Kenya,22053.0,690.0,10254.0,369.0,5.0
2020-8-03,Kenya,22597.0,544.0,10430.0,382.0,13.0
2020-8-04,Kenya,23202.0,605.0,10237.0,388.0,6.0
2020-8-05,Kenya,23873.0,671.0,10092.0,391.0,3.0
2020-8-06,Kenya,24411.0,538.0,9929.0,399.0,8.0
2020-8-07,Kenya,25138.0,727.0,9733.0,413.0,14.0
2020-8-08,Kenya,25837.0,699.0,9374.0,418.0,5.0
2020-8-09,Kenya,26436.0,599.0,8539.0,420.0,2.0
2020-8-10,Kenya,26928.0,492.0,8308.0,423.0,3.0
2020-8-11,Kenya,27425.0,497.0,8288.0,438.0,15.0
2020-8-12,Kenya,28104.0,679.0,7947.0,456.0,18.0
2020-8-13,Kenya,28754.0,650.0,7932.0,460.0,4.0
2020-8-14,Kenya,29334.0,580.0,8240.0,465.0,5.0
2020-8-15,Kenya,29849.0,515.0,7842.0,472.0,7.0
2020-8-16,Kenya,30120.0,271.0,7186.0,474.0,2.0
2020-8-17,Kenya,30365.0,245.0,6743.0,482.0,8.0
2020-8-18,Kenya,30636.0,271.0,6729.0,487.0,5.0
2020-8-19,Kenya,31015.0,379.0,6760.0,506.0,19.0
2020-8-20,Kenya,31441.0,426.0,6829.0,516.0,10.0
2020-8-21,Kenya,31763.0,322.0,6747.0,532.0,16.0
2020-8-22,Kenya,32118.0,355.0,6693.0,542.0,10.0
2020-8-23,Kenya,32364.0,246.0,6640.0,548.0,6.0
2020-8-24,Kenya,32557.0,193.0,6524.0,554.0,6.0
2020-8-25,Kenya,32803.0,246.0,6549.0,559.0,5.0
2020-8-26,Kenya,33016.0,213.0,6432.0,564.0,5.0
2020-8-27,Kenya,33389.0,373.0,6705.0,567.0,3.0
2020-8-28,Kenya,33630.0,241.0,6857.0,567.0,0.0
2020-8-29,Kenya,33794.0,164.0,6806.0,572.0,5.0
2020-8-30,Kenya,34057.0,263.0,6935.0,574.0,2.0
2020-8-31,Kenya,34201.0,144.0,6800.0,577.0,3.0
2020-9-01,Kenya,34315.0,114.0,6485.0,577.0,0.0
2020-9-02,Kenya,34493.0,178.0,6659.0,581.0,4.0
2020-9-03,Kenya,34705.0,212.0,6283.0,585.0,4.0
2020-9-04,Kenya,34884.0,179.0,5898.0,589.0,4.0
2020-9-05,Kenya,35020.0,136.0,5896.0,594.0,5.0
2020-9-06,Kenya,35103.0,83.0,5879.0,597.0,3.0
2020-9-07,Kenya,35205.0,102.0,5871.0,599.0,2.0
2020-9-08,Kenya,35356.0,151.0,5789.0,599.0,0.0
2020-9-09,Kenya,35460.0,104.0,5785.0,607.0,8.0
2020-9-10,Kenya,35603.0,143.0,5262.0,612.0,5.0
2020-9-11,Kenya,35793.0,190.0,4915.0,616.0,4.0
2020-9-12,Kenya,35969.0,176.0,4644.0,619.0,3.0
2020-9-13,Kenya,36157.0,188.0,4430.0,622.0,3.0
2020-9-14,Kenya,36205.0,48.0,4239.0,624.0,2.0
2020-9-15,Kenya,36301.0,96.0,4162.0,634.0,10.0
2020-9-16,Kenya,36393.0,92.0,4029.0,637.0,3.0
2020-9-17,Kenya,36576.0,183.0,4096.0,642.0,5.0
2020-9-18,Kenya,36724.0,148.0,4108.0,646.0,4.0
2020-9-19,Kenya,36829.0,105.0,4121.0,646.0,0.0
2020-9-20,Kenya,36981.0,152.0,4123.0,648.0,2.0
2020-9-21,Kenya,37079.0,98.0,4135.0,650.0,2.0
2020-9-22,Kenya,37218.0,139.0,3998.0,659.0,9.0
2020-9-23,Kenya,37348.0,130.0,3980.0,664.0,5.0
2020-9-24,Kenya,37489.0,141.0,4007.0,669.0,5.0
2020-9-25,Kenya,37707.0,218.0,3983.0,682.0,13.0
2020-9-26,Kenya,37871.0,164.0,4036.0,689.0,7.0
2020-9-27,Kenya,38115.0,244.0,4224.0,691.0,2.0
2020-9-28,Kenya,38168.0,53.0,4187.0,700.0,9.0
2020-9-29,Kenya,38378.0,210.0,4310.0,707.0,7.0
2020-9-30,Kenya,38529.0,151.0,4230.0,711.0,4.0
2020-10-01,Kenya,38713.0,184.0,4252.0,718.0,7.0
2020-10-02,Kenya,38923.0,210.0,4332.0,725.0,7.0
2020-10-03,Kenya,39184.0,261.0,4169.0,728.0,3.0
2020-10-04,Kenya,39427.0,243.0,4095.0,731.0,3.0
2020-10-05,Kenya,39449.0,22.0,2258.0,735.0,4.0
2020-10-06,Kenya,39586.0,137.0,1988.0,743.0,8.0
2020-10-07,Kenya,39907.0,321.0,-2183.0,748.0,5.0
2020-10-08,Kenya,40178.0,271.0,-1984.0,751.0,3.0
2020-10-09,Kenya,40620.0,442.0,-1770.0,755.0,4.0
2020-10-10,Kenya,41158.0,538.0,-1319.0,760.0,5.0
2020-10-11,Kenya,41546.0,388.0,-1153.0,766.0,6.0
2020-10-12,Kenya,41619.0,73.0,-2309.0,777.0,11.0
2020-10-13,Kenya,41937.0,318.0,-1111.0,787.0,10.0
2020-10-14,Kenya,42541.0,604.0,-636.0,797.0,10.0
2020-10-15,Kenya,43143.0,602.0,-150.0,805.0,8.0
2020-10-16,Kenya,43580.0,437.0,90.0,813.0,8.0
2020-10-17,Kenya,44196.0,616.0,554.0,825.0,12.0
2020-10-18,Kenya,44881.0,685.0,1090.0,832.0,7.0
2020-10-19,Kenya,45076.0,195.0,972.0,839.0,7.0
2020-10-20,Kenya,45647.0,571.0,949.0,842.0,3.0
2020-10-21,Kenya,46144.0,497.0,1109.0,858.0,16.0
2020-10-22,Kenya,47212.0,1068.0,1774.0,870.0,12.0
2020-10-23,Kenya,47843.0,631.0,1891.0,884.0,14.0
2020-10-24,Kenya,48790.0,947.0,2212.0,896.0,12.0
2020-10-25,Kenya,49721.0,931.0,2688.0,902.0,6.0
2020-10-26,Kenya,49997.0,276.0,2649.0,920.0,18.0
2020-10-27,Kenya,50833.0,836.0,2928.0,934.0,14.0
2020-10-28,Kenya,51851.0,1018.0,3356.0,950.0,16.0
2020-10-29,Kenya,52612.0,761.0,3636.0,964.0,14.0
2020-10-30,Kenya,53797.0,1185.0,4437.0,981.0,17.0
2020-10-31,Kenya,55192.0,1395.0,5817.0,996.0,15.0
2020-11-01,Kenya,55877.0,685.0,4708.0,1013.0,17.0
2020-11-02,Kenya,56601.0,724.0,5084.0,1027.0,14.0
2020-11-03,Kenya,57093.0,492.0,5019.0,1039.0,12.0
2020-11-04,Kenya,58587.0,1494.0,5780.0,1051.0,12.0
2020-11-05,Kenya,59595.0,1008.0,5672.0,1072.0,21.0
2020-11-06,Kenya,60704.0,1109.0,5495.0,1093.0,21.0
2020-11-07,Kenya,61769.0,1065.0,5353.0,1103.0,10.0
2020-11-08,Kenya,62488.0,719.0,4834.0,1111.0,8.0
2020-11-09,Kenya,63244.0,756.0,4589.0,1130.0,19.0
2020-11-10,Kenya,64588.0,1344.0,5321.0,1154.0,24.0
2020-11-11,Kenya,65804.0,1216.0,5795.0,1180.0,26.0
2020-11-12,Kenya,66723.0,919.0,6133.0,1203.0,23.0
2020-11-13,Kenya,68193.0,1470.0,6456.0,1228.0,25.0
2020-11-14,Kenya,69273.0,1080.0,6784.0,1249.0,21.0
2020-11-15,Kenya,70245.0,972.0,7261.0,1269.0,20.0
2020-11-16,Kenya,70804.0,559.0,7157.0,1287.0,18.0
2020-11-17,Kenya,71729.0,925.0,6694.0,1302.0,15.0
2020-11-18,Kenya,72686.0,957.0,4113.0,1313.0,11.0
2020-11-19,Kenya,74145.0,1459.0,4503.0,1330.0,17.0
2020-11-20,Kenya,75193.0,1048.0,5092.0,1349.0,19.0
2020-11-21,Kenya,76404.0,1211.0,5790.0,1366.0,17.0
2020-11-22,Kenya,77372.0,968.0,6535.0,1380.0,14.0
2020-11-23,Kenya,77785.0,413.0,6402.0,1392.0,12.0
2020-11-24,Kenya,78512.0,727.0,6025.0,1409.0,17.0
2020-11-25,Kenya,79322.0,810.0,6470.0,1417.0,8.0
2020-11-26,Kenya,80102.0,780.0,6496.0,1427.0,10.0
2020-11-27,Kenya,81656.0,1554.0,7228.0,1441.0,14.0
2020-11-28,Kenya,82605.0,949.0,7804.0,1445.0,4.0
2020-11-29,Kenya,83316.0,711.0,7731.0,1452.0,7.0
2020-11-30,Kenya,83618.0,302.0,7518.0,1469.0,17.0
2020-12-01,Kenya,84169.0,551.0,7705.0,1474.0,5.0
2020-12-02,Kenya,85130.0,961.0,7504.0,1484.0,10.0
2020-12-03,Kenya,86383.0,1253.0,-6528.0,1500.0,16.0
2020-12-04,Kenya,87249.0,866.0,-6102.0,1506.0,6.0
2020-12-05,Kenya,87984.0,735.0,-5948.0,1518.0,12.0
2020-12-06,Kenya,88380.0,396.0,-6095.0,1526.0,8.0
2020-12-07,Kenya,88579.0,199.0,-6555.0,1531.0,5.0
2020-12-08,Kenya,89100.0,521.0,-6621.0,1545.0,14.0
2020-12-09,Kenya,89661.0,561.0,-6546.0,1552.0,7.0
2020-12-10,Kenya,90305.0,644.0,-7347.0,1568.0,16.0
2020-12-11,Kenya,90978.0,673.0,-7126.0,1582.0,14.0
2020-12-12,Kenya,91526.0,548.0,-7953.0,1586.0,4.0
2020-12-13,Kenya,91892.0,366.0,-8171.0,1587.0,1.0
2020-12-14,Kenya,92055.0,163.0,-8586.0,1593.0,6.0
2020-12-15,Kenya,92459.0,404.0,-8904.0,1604.0,11.0
2020-12-16,Kenya,92853.0,394.0,-9092.0,1614.0,10.0
2020-12-17,Kenya,93405.0,552.0,-9348.0,1618.0,4.0
2020-12-18,Kenya,93761.0,356.0,-9374.0,1629.0,11.0
2020-12-19,Kenya,94151.0,390.0,-9372.0,1633.0,4.0
2020-12-20,Kenya,94500.0,349.0,-9266.0,1639.0,6.0
2020-12-21,Kenya,94614.0,114.0,-9595.0,1644.0,5.0
2020-12-22,Kenya,94768.0,154.0,-9662.0,1647.0,3.0
2020-12-23,Kenya,95195.0,427.0,-9622.0,1648.0,1.0
2020-12-24,Kenya,95431.0,236.0,-9676.0,1652.0,4.0
2020-12-25,Kenya,95713.0,282.0,-9518.0,1653.0,1.0
2020-12-26,Kenya,95843.0,130.0,-9642.0,1655.0,2.0
2020-12-27,Kenya,95923.0,80.0,-10138.0,1658.0,3.0
2020-12-28,Kenya,95992.0,69.0,-10207.0,1664.0,6.0
2020-12-29,Kenya,96139.0,147.0,-10247.0,1665.0,1.0
2020-12-30,Kenya,96251.0,112.0,-11237.0,1667.0,2.0
2020-12-31,Kenya,96458.0,207.0,-11386.0,1670.0,3.0
2021-1-01,Kenya,96614.0,156.0,-11329.0,1681.0,11.0
2021-1-02,Kenya,96678.0,64.0,-11552.0,1685.0,4.0
2021-1-03,Kenya,96802.0,124.0,-11510.0,1685.0,0.0
2021-1-04,Kenya,96908.0,106.0,-11653.0,1686.0,1.0
2021-1-05,Kenya,97127.0,219.0,-11573.0,1690.0,4.0
2021-1-06,Kenya,97398.0,271.0,-12127.0,1694.0,4.0
2021-1-07,Kenya,97733.0,335.0,-12258.0,1702.0,8.0
2021-1-08,Kenya,97954.0,221.0,-12530.0,1703.0,1.0
2021-1-09,Kenya,98184.0,230.0,-12486.0,1704.0,1.0
2021-1-10,Kenya,98271.0,87.0,-12495.0,1710.0,6.0
2021-1-11,Kenya,98334.0,63.0,-12740.0,1713.0,3.0
2021-1-12,Kenya,98432.0,98.0,-12853.0,1716.0,3.0
2021-1-13,Kenya,98555.0,123.0,-13290.0,1720.0,4.0
2021-1-14,Kenya,98693.0,138.0,-13514.0,1723.0,3.0
2021-1-15,Kenya,98859.0,166.0,-13704.0,1726.0,3.0
2021-1-16,Kenya,99082.0,223.0,-13657.0,1728.0,2.0
2021-1-17,Kenya,99162.0,80.0,-13615.0,1731.0,3.0
2021-1-18,Kenya,99227.0,65.0,-13657.0,1734.0,3.0
2021-1-19,Kenya,99308.0,81.0,-13645.0,1734.0,0.0
2021-1-20,Kenya,99444.0,136.0,-13748.0,1736.0,2.0
2021-1-21,Kenya,99630.0,186.0,-13666.0,1739.0,3.0
2021-1-22,Kenya,99769.0,139.0,-13713.0,1740.0,1.0
2021-1-23,Kenya,99898.0,129.0,-13678.0,1740.0,0.0
2021-1-24,Kenya,99983.0,85.0,-13641.0,1744.0,4.0
2021-1-25,Kenya,100052.0,69.0,-14177.0,1744.0,0.0
2021-1-26,Kenya,100193.0,141.0,-14321.0,1750.0,6.0
2021-1-27,Kenya,100323.0,130.0,-14281.0,1751.0,1.0
2021-1-28,Kenya,100422.0,99.0,-14273.0,1753.0,2.0
2021-1-29,Kenya,100563.0,141.0,-14218.0,1753.0,0.0
2021-1-30,Kenya,100675.0,112.0,-14154.0,1755.0,2.0
2021-1-31,Kenya,100773.0,98.0,-14134.0,1763.0,8.0
2021-2-01,Kenya,100856.0,83.0,-14093.0,1766.0,3.0
2021-2-02,Kenya,101009.0,153.0,-14013.0,1766.0,0.0
2021-2-03,Kenya,101159.0,150.0,-13960.0,1769.0,3.0
2021-2-04,Kenya,101339.0,180.0,-13896.0,1773.0,4.0
2021-2-05,Kenya,101534.0,195.0,-13873.0,1776.0,3.0
2021-2-06,Kenya,101690.0,156.0,-13763.0,1776.0,0.0
2021-2-07,Kenya,101819.0,129.0,-13717.0,1779.0,3.0
2021-2-08,Kenya,101944.0,125.0,-13750.0,1786.0,7.0
2021-2-09,Kenya,102048.0,104.0,-13742.0,1789.0,3.0
2021-2-10,Kenya,102221.0,173.0,-13822.0,1791.0,2.0
2021-2-11,Kenya,102353.0,132.0,-13777.0,1794.0,3.0
2021-2-12,Kenya,102613.0,260.0,-13629.0,1794.0,0.0
2021-2-13,Kenya,102792.0,179.0,-13558.0,1795.0,1.0
2021-2-14,Kenya,102867.0,75.0,-13559.0,1795.0,0.0
2021-2-15,Kenya,103014.0,147.0,-13738.0,1795.0,0.0
2021-2-16,Kenya,103188.0,174.0,-13682.0,1797.0,2.0
2021-2-17,Kenya,103332.0,144.0,-13616.0,1801.0,4.0
2021-2-18,Kenya,103615.0,283.0,-13401.0,1807.0,6.0
2021-2-19,Kenya,103841.0,226.0,-13282.0,1813.0,6.0
2021-2-20,Kenya,103993.0,152.0,-13172.0,1817.0,4.0
2021-2-21,Kenya,104201.0,208.0,-13020.0,1823.0,6.0
2021-2-22,Kenya,104306.0,105.0,-12985.0,1827.0,4.0
2021-2-23,Kenya,104500.0,194.0,-12854.0,1837.0,10.0
2021-2-24,Kenya,104780.0,280.0,-13537.0,1839.0,2.0
2021-2-25,Kenya,105057.0,277.0,-13428.0,1847.0,8.0
2021-2-26,Kenya,105467.0,410.0,-13056.0,1853.0,6.0
2021-2-27,Kenya,105648.0,181.0,-12995.0,1854.0,1.0
2021-2-28,Kenya,105973.0,325.0,-12765.0,1856.0,2.0
2021-3-01,Kenya,106125.0,152.0,-12669.0,1859.0,3.0
2021-3-02,Kenya,106470.0,345.0,-12521.0,1863.0,4.0
2021-3-03,Kenya,106801.0,331.0,-12266.0,1866.0,3.0
2021-3-04,Kenya,107329.0,528.0,-11991.0,1870.0,4.0
2021-3-05,Kenya,107729.0,400.0,-11698.0,1873.0,3.0
2021-3-06,Kenya,108362.0,633.0,-11570.0,1874.0,1.0
2021-3-07,Kenya,108827.0,465.0,-11134.0,1876.0,2.0
2021-3-08,Kenya,109164.0,337.0,-10871.0,1879.0,3.0
2021-3-09,Kenya,109643.0,479.0,-10551.0,1886.0,7.0
2021-3-10,Kenya,110356.0,713.0,-10075.0,1898.0,12.0
2021-3-11,Kenya,111185.0,829.0,-9370.0,1899.0,1.0
2021-3-12,Kenya,111935.0,750.0,-8912.0,1901.0,2.0
2021-3-13,Kenya,112805.0,870.0,-8207.0,1908.0,7.0
2021-3-14,Kenya,113236.0,431.0,-7888.0,1913.0,5.0
2021-3-15,Kenya,113967.0,731.0,-7420.0,1918.0,5.0
2021-3-16,Kenya,115031.0,1064.0,-6612.0,1925.0,7.0
2021-3-17,Kenya,116310.0,1279.0,-5723.0,1937.0,12.0
2021-3-18,Kenya,117535.0,1225.0,-4706.0,1954.0,17.0
2021-3-19,Kenya,118889.0,1354.0,-3629.0,1982.0,28.0
2021-3-20,Kenya,120163.0,1274.0,-2529.0,1994.0,12.0
2021-3-21,Kenya,120910.0,747.0,-1953.0,2011.0,17.0
2021-3-22,Kenya,122040.0,1130.0,-1852.0,2023.0,12.0
2021-3-23,Kenya,123167.0,1127.0,-1033.0,2048.0,25.0
2021-3-24,Kenya,124707.0,1540.0,241.0,2066.0,18.0
2021-3-25,Kenya,126170.0,1463.0,1006.0,2092.0,26.0
2021-3-26,Kenya,128178.0,2008.0,2678.0,2098.0,6.0
2021-3-27,Kenya,129330.0,1152.0,3619.0,2104.0,6.0
2021-3-28,Kenya,130214.0,884.0,4370.0,2117.0,13.0
2021-3-29,Kenya,131116.0,902.0,4705.0,2135.0,18.0
2021-3-30,Kenya,132646.0,1530.0,6049.0,2147.0,12.0
2021-3-31,Kenya,134058.0,1412.0,6930.0,2153.0,6.0
2021-4-01,Kenya,135042.0,984.0,7377.0,2167.0,14.0
2021-4-02,Kenya,136893.0,1851.0,8720.0,2186.0,19.0
2021-4-03,Kenya,138077.0,1184.0,9587.0,2206.0,20.0
2021-4-04,Kenya,138988.0,911.0,9761.0,2224.0,18.0
2021-4-05,Kenya,139448.0,460.0,9961.0,2244.0,20.0
2021-4-06,Kenya,139842.0,394.0,7352.0,2258.0,14.0
2021-4-07,Kenya,141365.0,1523.0,8026.0,2276.0,18.0
2021-4-08,Kenya,143063.0,1698.0,9093.0,2292.0,16.0
2021-4-09,Kenya,144154.0,1091.0,9448.0,2309.0,17.0
2021-4-10,Kenya,145184.0,1030.0,9888.0,2330.0,21.0
2021-4-11,Kenya,145670.0,486.0,9695.0,2348.0,18.0
2021-4-12,Kenya,146156.0,486.0,10006.0,2368.0,20.0
2021-4-13,Kenya,147147.0,991.0,10472.0,2394.0,26.0
2021-4-14,Kenya,148128.0,981.0,11427.0,2420.0,26.0
2021-4-15,Kenya,149219.0,1091.0,12514.0,2424.0,4.0
2021-4-16,Kenya,150260.0,1041.0,11648.0,2443.0,19.0
2021-4-17,Kenya,151287.0,1027.0,12140.0,2463.0,20.0
2021-4-18,Kenya,151653.0,366.0,12110.0,2481.0,18.0
2021-4-19,Kenya,151894.0,241.0,11473.0,2501.0,20.0
2021-4-20,Kenya,152523.0,629.0,9980.0,2519.0,18.0
2021-4-21,Kenya,153488.0,965.0,8981.0,2540.0,21.0
2021-4-22,Kenya,154392.0,904.0,9746.0,2560.0,20.0
2021-4-23,Kenya,155165.0,773.0,9517.0,2583.0,23.0
2021-4-24,Kenya,156318.0,1153.0,10650.0,2603.0,20.0
2021-4-25,Kenya,156787.0,469.0,10433.0,2622.0,19.0
2021-4-26,Kenya,156981.0,194.0,10272.0,2643.0,21.0
2021-4-27,Kenya,157492.0,511.0,10761.0,2665.0,22.0
2021-4-28,Kenya,158326.0,834.0,10162.0,2688.0,23.0
2021-4-29,Kenya,158821.0,495.0,10312.0,2707.0,19.0
2021-4-30,Kenya,159318.0,497.0,10197.0,2724.0,17.0
2021-5-01,Kenya,160053.0,735.0,10610.0,2744.0,20.0
2021-5-02,Kenya,160422.0,369.0,10863.0,2763.0,19.0
2021-5-03,Kenya,160559.0,137.0,10691.0,2781.0,18.0
2021-5-04,Kenya,160904.0,345.0,10823.0,2805.0,24.0
2021-5-05,Kenya,161393.0,489.0,10548.0,2825.0,20.0
2021-5-06,Kenya,162098.0,705.0,10269.0,2850.0,25.0
2021-5-07,Kenya,162666.0,568.0,10589.0,2865.0,15.0
2021-5-08,Kenya,163238.0,572.0,10501.0,2883.0,18.0
2021-5-09,Kenya,163554.0,316.0,10721.0,2895.0,12.0
2021-5-10,Kenya,163620.0,66.0,9282.0,2907.0,12.0
2021-5-11,Kenya,163976.0,356.0,8594.0,2928.0,21.0
2021-5-12,Kenya,164386.0,410.0,8892.0,2950.0,22.0
2021-5-13,Kenya,164720.0,334.0,9041.0,2968.0,18.0
2021-5-14,Kenya,165112.0,392.0,9177.0,2976.0,8.0
2021-5-15,Kenya,165379.0,267.0,9342.0,3001.0,25.0
2021-5-16,Kenya,165465.0,86.0,9260.0,3003.0,2.0
2021-5-17,Kenya,165537.0,72.0,8969.0,3013.0,10.0
2021-5-18,Kenya,166006.0,469.0,9372.0,3021.0,8.0
2021-5-19,Kenya,166382.0,376.0,9305.0,3035.0,14.0
2021-5-20,Kenya,166876.0,494.0,9727.0,3040.0,5.0
2021-5-21,Kenya,167535.0,659.0,10236.0,3043.0,3.0
2021-5-22,Kenya,168108.0,573.0,10725.0,3049.0,6.0
2021-5-23,Kenya,168432.0,324.0,10924.0,3059.0,10.0
2021-5-24,Kenya,168543.0,111.0,10830.0,3073.0,14.0
2021-5-25,Kenya,168925.0,382.0,9669.0,3087.0,14.0
2021-5-26,Kenya,169356.0,431.0,10048.0,3097.0,10.0
2021-5-27,Kenya,169697.0,341.0,10184.0,3108.0,11.0
2021-5-28,Kenya,170041.0,344.0,10472.0,3124.0,16.0
2021-5-29,Kenya,170485.0,444.0,10744.0,3141.0,17.0
2021-5-30,Kenya,170647.0,162.0,10023.0,3157.0,16.0
2021-5-31,Kenya,170735.0,88.0,10000.0,3172.0,15.0
2021-6-01,Kenya,171084.0,349.0,10096.0,3188.0,16.0
2021-6-02,Kenya,171226.0,142.0,10198.0,3206.0,18.0
2021-6-03,Kenya,171658.0,432.0,10200.0,3223.0,17.0
2021-6-04,Kenya,171942.0,284.0,10300.0,3240.0,17.0
2021-6-05,Kenya,172325.0,383.0,10615.0,3264.0,24.0
2021-6-06,Kenya,172491.0,166.0,10633.0,3287.0,23.0
2021-6-07,Kenya,172639.0,148.0,9909.0,3308.0,21.0
2021-6-08,Kenya,173072.0,433.0,9791.0,3326.0,18.0
2021-6-09,Kenya,173661.0,589.0,9940.0,3345.0,19.0
2021-6-10,Kenya,174285.0,624.0,10125.0,3362.0,17.0
2021-6-11,Kenya,174773.0,488.0,10134.0,3378.0,16.0
2021-6-12,Kenya,175176.0,403.0,9923.0,3396.0,18.0
2021-6-13,Kenya,175337.0,161.0,9831.0,3410.0,14.0
2021-6-14,Kenya,175681.0,344.0,9960.0,3421.0,11.0
2021-6-15,Kenya,176137.0,456.0,9688.0,3428.0,7.0
2021-6-16,Kenya,176622.0,485.0,9752.0,3428.0,0.0
2021-6-17,Kenya,177282.0,660.0,9311.0,3434.0,6.0
2021-6-18,Kenya,178078.0,796.0,9662.0,3437.0,3.0
2021-6-19,Kenya,178792.0,714.0,9982.0,3447.0,10.0
2021-6-20,Kenya,179075.0,283.0,10158.0,3456.0,9.0
2021-6-21,Kenya,179293.0,218.0,10019.0,3461.0,5.0
2021-6-22,Kenya,179876.0,583.0,10464.0,3484.0,23.0
2021-6-23,Kenya,180498.0,622.0,10634.0,3514.0,30.0
2021-6-24,Kenya,181239.0,741.0,11218.0,3538.0,24.0
2021-6-25,Kenya,181885.0,646.0,11319.0,3556.0,18.0
2021-6-26,Kenya,182393.0,508.0,11082.0,3574.0,18.0
2021-6-27,Kenya,182597.0,204.0,11206.0,3595.0,21.0
2021-6-28,Kenya,182884.0,287.0,11271.0,3612.0,17.0
2021-6-29,Kenya,183603.0,719.0,10902.0,3621.0,9.0
2021-6-30,Kenya,184161.0,558.0,11048.0,3634.0,13.0
2021-7-01,Kenya,184537.0,376.0,10191.0,3640.0,6.0
2021-7-02,Kenya,185060.0,523.0,10587.0,3651.0,11.0
2021-7-03,Kenya,185591.0,531.0,10726.0,3671.0,20.0
2021-7-04,Kenya,185868.0,277.0,10097.0,3675.0,4.0
2021-7-05,Kenya,186053.0,185.0,8668.0,3690.0,15.0
2021-7-06,Kenya,186453.0,400.0,8584.0,3697.0,7.0
2021-7-07,Kenya,186959.0,506.0,8732.0,3705.0,8.0
2021-7-08,Kenya,187525.0,566.0,7353.0,3716.0,11.0
2021-7-09,Kenya,187977.0,452.0,6476.0,3718.0,2.0
2021-7-10,Kenya,188513.0,536.0,6673.0,3721.0,3.0
2021-7-11,Kenya,188754.0,241.0,5512.0,3722.0,1.0
2021-7-12,Kenya,188942.0,188.0,5358.0,3723.0,1.0
2021-7-13,Kenya,189703.0,761.0,5347.0,3732.0,9.0
2021-7-14,Kenya,190183.0,480.0,5822.0,3737.0,5.0
2021-7-15,Kenya,191020.0,837.0,6650.0,3746.0,9.0
2021-7-16,Kenya,191712.0,692.0,7334.0,3754.0,8.0
2021-7-17,Kenya,192435.0,723.0,6993.0,3760.0,6.0
2021-7-18,Kenya,192758.0,323.0,6657.0,3775.0,15.0
2021-7-19,Kenya,193189.0,431.0,6485.0,3783.0,8.0
2021-7-20,Kenya,193807.0,618.0,6796.0,3800.0,17.0
2021-7-21,Kenya,194310.0,503.0,6519.0,3811.0,11.0
2021-7-22,Kenya,195111.0,801.0,6824.0,3826.0,15.0
2021-7-23,Kenya,195898.0,787.0,7175.0,3838.0,12.0
2021-7-24,Kenya,196745.0,847.0,7134.0,3849.0,11.0
2021-7-25,Kenya,197409.0,664.0,7736.0,3865.0,16.0
2021-7-26,Kenya,197959.0,550.0,7493.0,3872.0,7.0
2021-7-27,Kenya,198935.0,976.0,7490.0,3882.0,10.0
2021-7-28,Kenya,199941.0,1006.0,8222.0,3895.0,13.0
2021-7-29,Kenya,201009.0,1068.0,8877.0,3910.0,15.0
2021-7-30,Kenya,201954.0,945.0,9590.0,3926.0,16.0
2021-7-31,Kenya,203213.0,1259.0,10346.0,3931.0,5.0
2021-8-01,Kenya,203680.0,467.0,10603.0,3946.0,15.0
2021-8-02,Kenya,204271.0,591.0,10609.0,3970.0,24.0
2021-8-03,Kenya,205356.0,1085.0,11266.0,3995.0,25.0
2021-8-04,Kenya,206691.0,1335.0,11478.0,4025.0,30.0
2021-8-05,Kenya,208262.0,1571.0,8520.0,4057.0,32.0
2021-8-06,Kenya,209823.0,1561.0,9948.0,4088.0,31.0
2021-8-07,Kenya,211028.0,1205.0,9882.0,4117.0,29.0
2021-8-08,Kenya,211828.0,800.0,10372.0,4149.0,32.0
2021-8-09,Kenya,212573.0,745.0,10926.0,4179.0,30.0
2021-8-10,Kenya,213756.0,1183.0,10759.0,4211.0,32.0
2021-8-11,Kenya,215730.0,1974.0,12050.0,4241.0,30.0
2021-8-12,Kenya,217276.0,1546.0,13005.0,4273.0,32.0
2021-8-13,Kenya,218713.0,1437.0,13357.0,4302.0,29.0
2021-8-14,Kenya,219938.0,1225.0,13247.0,4319.0,17.0
2021-8-15,Kenya,220727.0,789.0,12465.0,4340.0,21.0
2021-8-16,Kenya,221406.0,679.0,13134.0,4350.0,10.0
2021-8-17,Kenya,222894.0,1488.0,12628.0,4354.0,4.0
2021-8-18,Kenya,224400.0,1506.0,12572.0,4378.0,24.0
2021-8-19,Kenya,225663.0,1263.0,13090.0,4404.0,26.0
2021-8-20,Kenya,227077.0,1414.0,12803.0,4435.0,31.0
2021-8-21,Kenya,228363.0,1286.0,12115.0,4467.0,32.0
2021-8-22,Kenya,229009.0,646.0,12476.0,4497.0,30.0
2021-8-23,Kenya,229628.0,619.0,11627.0,4528.0,31.0
2021-8-24,Kenya,230794.0,1166.0,10856.0,4564.0,36.0
2021-8-25,Kenya,232052.0,1258.0,11325.0,4600.0,36.0
2021-8-26,Kenya,232869.0,817.0,11463.0,4635.0,35.0
2021-8-27,Kenya,233801.0,932.0,10907.0,4666.0,31.0
2021-8-28,Kenya,234589.0,788.0,10189.0,4694.0,28.0
2021-8-29,Kenya,234952.0,363.0,9289.0,4710.0,16.0
2021-8-30,Kenya,235298.0,346.0,8221.0,4720.0,10.0
2021-8-31,Kenya,235863.0,565.0,7500.0,4726.0,6.0
2021-9-01,Kenya,236881.0,1018.0,7872.0,4739.0,13.0
2021-9-02,Kenya,237851.0,970.0,8223.0,4746.0,7.0
2021-9-03,Kenya,238852.0,1001.0,8058.0,4757.0,11.0
2021-9-04,Kenya,239692.0,840.0,7640.0,4778.0,21.0
2021-9-05,Kenya,240172.0,480.0,7303.0,4786.0,8.0
2021-9-06,Kenya,240430.0,258.0,6629.0,4795.0,9.0
2021-9-07,Kenya,241134.0,704.0,6572.0,4800.0,5.0
2021-9-08,Kenya,241783.0,649.0,6858.0,4830.0,30.0
2021-9-09,Kenya,242284.0,501.0,7013.0,4864.0,34.0
2021-9-10,Kenya,242945.0,661.0,7109.0,4896.0,32.0
2021-9-11,Kenya,243456.0,511.0,6596.0,4902.0,6.0
2021-9-12,Kenya,243725.0,269.0,5901.0,4906.0,4.0
2021-9-13,Kenya,243929.0,204.0,5104.0,4923.0,17.0
2021-9-14,Kenya,244380.0,451.0,4715.0,4928.0,5.0
2021-9-15,Kenya,244826.0,446.0,4681.0,4949.0,21.0
2021-9-16,Kenya,245337.0,511.0,4907.0,4961.0,12.0
2021-9-17,Kenya,245781.0,444.0,4647.0,4965.0,4.0
2021-9-18,Kenya,246296.0,515.0,4513.0,4980.0,15.0
2021-9-19,Kenya,246530.0,234.0,4246.0,4989.0,9.0
2021-9-20,Kenya,246643.0,113.0,3698.0,4995.0,6.0
2021-9-21,Kenya,246956.0,313.0,3500.0,5008.0,13.0
2021-9-22,Kenya,247358.0,402.0,3633.0,5018.0,10.0
2021-9-23,Kenya,247675.0,317.0,3746.0,5045.0,27.0
2021-9-24,Kenya,248069.0,394.0,3689.0,5082.0,37.0
2021-9-25,Kenya,248392.0,323.0,3566.0,5096.0,14.0
2021-9-26,Kenya,248461.0,69.0,3124.0,5102.0,6.0
2021-9-27,Kenya,248515.0,54.0,2734.0,5109.0,7.0
2021-9-28,Kenya,248770.0,255.0,2474.0,5116.0,7.0
2021-9-29,Kenya,249174.0,404.0,2644.0,5119.0,3.0
2021-9-30,Kenya,249434.0,260.0,2791.0,5123.0,4.0
2021-10-01,Kenya,249725.0,291.0,2769.0,5128.0,5.0
2021-10-02,Kenya,250023.0,298.0,2665.0,5131.0,3.0
2021-10-03,Kenya,250114.0,91.0,2439.0,5140.0,9.0
2021-10-04,Kenya,250191.0,77.0,2193.0,5141.0,1.0
2021-10-05,Kenya,250380.0,189.0,2166.0,5150.0,9.0
2021-10-06,Kenya,250510.0,130.0,2049.0,5175.0,25.0
2021-10-07,Kenya,250728.0,218.0,2213.0,5178.0,3.0
2021-10-08,Kenya,250898.0,170.0,2128.0,5179.0,1.0
2021-10-09,Kenya,251057.0,159.0,2104.0,5181.0,2.0
2021-10-10,Kenya,251152.0,95.0,2027.0,5181.0,0.0
2021-10-11,Kenya,251248.0,96.0,1821.0,5190.0,9.0
2021-10-12,Kenya,251313.0,65.0,1585.0,5195.0,5.0
2021-10-13,Kenya,251483.0,170.0,1539.0,5198.0,3.0
2021-10-14,Kenya,251669.0,186.0,1532.0,5202.0,4.0
2021-10-15,Kenya,251803.0,134.0,1516.0,5210.0,8.0
2021-10-16,Kenya,251959.0,156.0,1566.0,5215.0,5.0
2021-10-17,Kenya,252033.0,74.0,1556.0,5223.0,8.0
2021-10-18,Kenya,252066.0,33.0,1495.0,5224.0,1.0
2021-10-19,Kenya,252191.0,125.0,1381.0,5233.0,9.0
2021-10-20,Kenya,252308.0,117.0,1284.0,5238.0,5.0
2021-10-21,Kenya,252375.0,67.0,1255.0,5238.0,0.0
2021-10-22,Kenya,252499.0,124.0,1288.0,5249.0,11.0
2021-10-23,Kenya,252628.0,129.0,1346.0,5255.0,6.0
2021-10-24,Kenya,252672.0,44.0,1141.0,5257.0,2.0
2021-10-25,Kenya,252688.0,16.0,1073.0,5260.0,3.0
2021-10-26,Kenya,252839.0,151.0,1186.0,5263.0,3.0
2021-10-27,Kenya,252938.0,99.0,1167.0,5266.0,3.0
2021-10-28,Kenya,253018.0,80.0,1179.0,5270.0,4.0
2021-10-29,Kenya,253151.0,133.0,1257.0,5273.0,3.0
2021-10-30,Kenya,253293.0,142.0,1252.0,5276.0,3.0
2021-10-31,Kenya,253310.0,17.0,1200.0,5281.0,5.0
2021-11-01,Kenya,253339.0,29.0,1137.0,5281.0,0.0
2021-11-02,Kenya,253409.0,70.0,1170.0,5282.0,1.0
2021-11-03,Kenya,253512.0,103.0,1205.0,5282.0,0.0
2021-11-04,Kenya,253661.0,149.0,1209.0,5296.0,14.0
2021-11-05,Kenya,253737.0,76.0,1239.0,5296.0,0.0
2021-11-06,Kenya,253813.0,76.0,1265.0,5305.0,9.0
2021-11-07,Kenya,253833.0,20.0,1221.0,5312.0,7.0
2021-11-08,Kenya,253853.0,20.0,1171.0,5312.0,0.0
2021-11-09,Kenya,253879.0,26.0,1107.0,5314.0,2.0
2021-11-10,Kenya,254057.0,178.0,1254.0,5314.0,0.0
2021-11-11,Kenya,254151.0,94.0,1309.0,5315.0,1.0
2021-11-12,Kenya,254215.0,64.0,1325.0,5316.0,1.0
2021-11-13,Kenya,254276.0,61.0,1327.0,5316.0,0.0
2021-11-14,Kenya,254297.0,21.0,1336.0,5316.0,0.0
2021-11-15,Kenya,254309.0,12.0,1308.0,5319.0,3.0
2021-11-16,Kenya,254384.0,75.0,1351.0,5322.0,3.0
2021-11-17,Kenya,254453.0,69.0,1337.0,5325.0,3.0
2021-11-18,Kenya,254541.0,88.0,1399.0,5325.0,0.0
2021-11-19,Kenya,254629.0,88.0,1430.0,5325.0,0.0
2021-11-20,Kenya,254688.0,59.0,1444.0,5325.0,0.0
2021-11-21,Kenya,254710.0,22.0,1428.0,5328.0,3.0
2021-11-22,Kenya,254728.0,18.0,1425.0,5328.0,0.0
2021-11-23,Kenya,254781.0,53.0,1459.0,5330.0,2.0
2021-11-24,Kenya,254816.0,35.0,1466.0,5332.0,2.0
2021-11-25,Kenya,254862.0,46.0,1460.0,5332.0,0.0
2021-11-26,Kenya,254904.0,42.0,1487.0,5332.0,0.0
2021-11-27,Kenya,254940.0,36.0,1492.0,5332.0,0.0
2021-11-28,Kenya,254951.0,11.0,1487.0,5333.0,1.0
2021-11-29,Kenya,254979.0,28.0,1337.0,5334.0,1.0
2021-11-30,Kenya,255088.0,109.0,1435.0,5335.0,1.0
2021-12-01,Kenya,255164.0,76.0,1479.0,5335.0,0.0
2021-12-02,Kenya,255260.0,96.0,1549.0,5335.0,0.0
